id,deviceId,start,end, isIgnoredForSleepTime
F8657543-1978-461F-9402-7942314E8305,D3BF6381-E587-4D3F-A9D4-89CE72E8C7C2,2022-09-10 15:57:48 +0000,2022-09-10 15:58:41 +0000,FALSE
FA99AD2E-BDCB-4934-8868-570F7A73E922,D3BF6381-E587-4D3F-A9D4-89CE72E8C7C2,2022-09-23 20:15:03 +0000,2022-09-23 20:15:57 +0000,FALSE
885AA153-E22E-4AB5-A544-8BC3317CC834,D3BF6381-E587-4D3F-A9D4-89CE72E8C7C2,2022-09-24 20:03:41 +0000,2022-09-24 20:04:04 +0000,FALSE
26407B45-0923-4958-A65C-60F7C9132213,D3BF6381-E587-4D3F-A9D4-89CE72E8C7C2,2022-09-09 17:42:34 +0000,2022-09-09 17:43:16 +0000,FALSE
D3D68C81-62D1-41C4-B740-DBA399371934,D3BF6381-E587-4D3F-A9D4-89CE72E8C7C2,2022-09-11 20:08:32 +0000,2022-09-11 20:09:24 +0000,FALSE
A6CA7276-A7E8-4B84-B6FE-7A109CF2754E,D3BF6381-E587-4D3F-A9D4-89CE72E8C7C2,2022-09-10 22:03:25 +0000,2022-09-10 22:03:50 +0000,FALSE
716F6E23-7288-4E56-8C5A-FA66964D48A2,D3BF6381-E587-4D3F-A9D4-89CE72E8C7C2,2022-09-09 16:15:07 +0000,2022-09-09 16:15:16 +0000,FALSE
91969E24-0B56-4868-9676-3CF4AF2ACA9C,D3BF6381-E587-4D3F-A9D4-89CE72E8C7C2,2022-09-12 02:10:10 +0000,2022-09-12 02:11:48 +0000,FALSE
9ED73604-0C9B-4B8A-BD9C-1DBCBF7FA6E3,D3BF6381-E587-4D3F-A9D4-89CE72E8C7C2,2022-09-25 15:30:28 +0000,2022-09-25 15:32:09 +0000,FALSE
3167C2DD-03CE-4A6D-B4AE-6E4D0BA1BD95,D3BF6381-E587-4D3F-A9D4-89CE72E8C7C2,2022-09-11 17:08:58 +0000,2022-09-11 17:09:28 +0000,FALSE
4E86518C-4875-4D61-BC36-FD3B5305FBEA,D3BF6381-E587-4D3F-A9D4-89CE72E8C7C2,2022-09-11 17:09:33 +0000,2022-09-11 17:09:43 +0000,FALSE
C34FE143-09CF-4504-9EB4-49744A1DDD18,D3BF6381-E587-4D3F-A9D4-89CE72E8C7C2,2022-09-09 19:45:11 +0000,2022-09-09 19:45:40 +0000,FALSE
EA1C2876-78FD-4DE6-A369-CBB79F1AB739,D3BF6381-E587-4D3F-A9D4-89CE72E8C7C2,2022-09-25 02:09:28 +0000,2022-09-25 02:09:50 +0000,FALSE
06DD2914-AF5C-48EE-8013-7009AE0FE549,D3BF6381-E587-4D3F-A9D4-89CE72E8C7C2,2022-09-23 16:24:50 +0000,2022-09-23 16:25:00 +0000,FALSE
2E323718-5329-42B2-A8AF-E5F39EC70ABE,D3BF6381-E587-4D3F-A9D4-89CE72E8C7C2,2022-09-24 19:52:08 +0000,2022-09-24 20:01:21 +0000,FALSE
EF10BDF5-6D21-4C0C-8FA0-CA930919D19D,D3BF6381-E587-4D3F-A9D4-89CE72E8C7C2,2022-09-23 15:32:23 +0000,2022-09-23 15:35:08 +0000,FALSE
BF0CD627-F9E2-4754-BD7E-8A87EF515AF1,D3BF6381-E587-4D3F-A9D4-89CE72E8C7C2,2022-09-23 16:48:41 +0000,2022-09-23 16:48:47 +0000,FALSE
3D14C674-E7FE-470F-B8C6-1792AC4AC7FA,D3BF6381-E587-4D3F-A9D4-89CE72E8C7C2,2022-09-11 22:36:32 +0000,2022-09-11 22:36:43 +0000,FALSE
6E362A62-D72C-4F04-AC3F-FBBA11204DB0,D3BF6381-E587-4D3F-A9D4-89CE72E8C7C2,2022-09-11 00:03:04 +0000,2022-09-11 00:07:10 +0000,FALSE
BFDB50E5-CCC1-4338-BBCD-4295972855AE,D3BF6381-E587-4D3F-A9D4-89CE72E8C7C2,2022-09-10 23:31:10 +0000,2022-09-10 23:32:30 +0000,FALSE
167C64A3-DF53-4F2E-B5BD-BF0147C3BEE1,D3BF6381-E587-4D3F-A9D4-89CE72E8C7C2,2022-09-25 18:08:45 +0000,2022-09-25 18:10:14 +0000,FALSE
91840D76-2F5C-4612-B7B5-54B5D8DF8612,D3BF6381-E587-4D3F-A9D4-89CE72E8C7C2,2022-09-10 22:40:50 +0000,2022-09-10 22:41:01 +0000,FALSE
3EC1DF3D-76E1-49A0-A565-7B57C8410943,D3BF6381-E587-4D3F-A9D4-89CE72E8C7C2,2022-09-11 17:43:19 +0000,2022-09-11 17:43:48 +0000,FALSE
7E3279E3-0BD3-45AC-9B60-87AA4168E4E7,D3BF6381-E587-4D3F-A9D4-89CE72E8C7C2,2022-09-23 15:29:23 +0000,2022-09-23 15:29:44 +0000,FALSE
BED66ED3-814F-4C69-BD69-953BB2CC361F,D3BF6381-E587-4D3F-A9D4-89CE72E8C7C2,2022-09-25 02:09:54 +0000,2022-09-25 02:11:42 +0000,FALSE
3DCFF601-5E62-4F2C-A194-88BB17B69815,D3BF6381-E587-4D3F-A9D4-89CE72E8C7C2,2022-09-24 02:53:48 +0000,2022-09-24 02:53:52 +0000,FALSE
640188FD-DDCC-40AA-BBE0-1CBEDE3467D6,D3BF6381-E587-4D3F-A9D4-89CE72E8C7C2,2022-09-23 16:50:30 +0000,2022-09-23 16:51:01 +0000,FALSE
13548236-325B-4A1A-AA10-72D30589F111,D3BF6381-E587-4D3F-A9D4-89CE72E8C7C2,2022-09-11 00:07:31 +0000,2022-09-11 00:09:15 +0000,FALSE
06588C1C-44F5-4CA2-ACFC-0182FDD222AA,D3BF6381-E587-4D3F-A9D4-89CE72E8C7C2,2022-09-24 21:59:35 +0000,2022-09-24 22:00:37 +0000,FALSE
ECCE5514-CBC4-4280-B546-824FCCEE561C,D3BF6381-E587-4D3F-A9D4-89CE72E8C7C2,2022-09-12 00:53:44 +0000,2022-09-12 00:53:48 +0000,FALSE
921340E3-33AD-440A-9E0E-5C0F450A55C5,D3BF6381-E587-4D3F-A9D4-89CE72E8C7C2,2022-09-11 20:24:46 +0000,2022-09-11 20:25:29 +0000,FALSE
A481FC71-4483-4829-81F5-27377ECA4FDB,D3BF6381-E587-4D3F-A9D4-89CE72E8C7C2,2022-09-09 20:33:48 +0000,2022-09-09 20:37:53 +0000,FALSE
A99B9E4D-3DA7-4408-A8EA-D53E27B56809,D3BF6381-E587-4D3F-A9D4-89CE72E8C7C2,2022-09-24 17:25:50 +0000,2022-09-24 17:26:08 +0000,FALSE
1A39EE37-6845-4421-BAF1-70CB5E405699,D3BF6381-E587-4D3F-A9D4-89CE72E8C7C2,2022-09-24 22:01:46 +0000,2022-09-24 22:24:22 +0000,FALSE
523A7665-855B-49C5-BE81-18D57B4C5E86,D3BF6381-E587-4D3F-A9D4-89CE72E8C7C2,2022-09-11 20:51:42 +0000,2022-09-11 20:51:53 +0000,FALSE
D6C32E12-3538-4AC4-B3DB-32E16F93140D,D3BF6381-E587-4D3F-A9D4-89CE72E8C7C2,2022-09-10 17:35:43 +0000,2022-09-10 17:36:21 +0000,FALSE
38B0F5F2-6E9B-4AD6-A1FA-D84051AAB80F,D3BF6381-E587-4D3F-A9D4-89CE72E8C7C2,2022-09-24 23:21:26 +0000,2022-09-24 23:22:18 +0000,FALSE
203C8002-825A-4BA8-A566-148BA556B3F0,D3BF6381-E587-4D3F-A9D4-89CE72E8C7C2,2022-09-11 22:38:47 +0000,2022-09-11 22:51:48 +0000,FALSE
835CBB91-18E0-46BA-9EE5-9D616DEE87B1,D3BF6381-E587-4D3F-A9D4-89CE72E8C7C2,2022-09-23 23:02:56 +0000,2022-09-23 23:03:04 +0000,FALSE
6FB36805-0CA1-4684-BE12-6B44BDFA2ADF,D3BF6381-E587-4D3F-A9D4-89CE72E8C7C2,2022-09-10 21:12:13 +0000,2022-09-10 21:15:30 +0000,FALSE
8C7F8F62-2257-4273-9D9A-FE0538A68E41,D3BF6381-E587-4D3F-A9D4-89CE72E8C7C2,2022-09-09 19:26:12 +0000,2022-09-09 19:26:25 +0000,FALSE
B14B25F8-487A-4686-847B-DA0B3C1C2208,D3BF6381-E587-4D3F-A9D4-89CE72E8C7C2,2022-09-25 15:46:05 +0000,2022-09-25 15:46:12 +0000,FALSE
6DB2A19F-FB96-4EFA-BD84-3F1C0639D1EB,D3BF6381-E587-4D3F-A9D4-89CE72E8C7C2,2022-09-10 16:00:45 +0000,2022-09-10 16:02:08 +0000,FALSE
3974FDDB-BB04-45B3-8AD6-C993C39112C0,D3BF6381-E587-4D3F-A9D4-89CE72E8C7C2,2022-09-24 20:41:11 +0000,2022-09-24 20:41:44 +0000,FALSE
70BBEAB4-FBEF-4B7F-8EC5-DA388DAA6B69,D3BF6381-E587-4D3F-A9D4-89CE72E8C7C2,2022-09-24 19:00:15 +0000,2022-09-24 19:00:28 +0000,FALSE
5C7F1F4C-383A-4EF4-A2AA-6BE178510CE9,D3BF6381-E587-4D3F-A9D4-89CE72E8C7C2,2022-09-23 20:23:51 +0000,2022-09-23 20:24:04 +0000,FALSE
E2878E7D-5181-48CA-A058-82784C824DBD,D3BF6381-E587-4D3F-A9D4-89CE72E8C7C2,2022-09-10 22:57:56 +0000,2022-09-10 22:58:23 +0000,FALSE
41CDFA53-B3DD-4AC9-ADCA-0506958136C6,D3BF6381-E587-4D3F-A9D4-89CE72E8C7C2,2022-09-11 23:59:56 +0000,2022-09-12 00:01:30 +0000,FALSE
74D2334C-9B9A-40DC-B8B8-070AFF43594B,D3BF6381-E587-4D3F-A9D4-89CE72E8C7C2,2022-09-25 17:28:14 +0000,2022-09-25 17:29:01 +0000,FALSE
EAA95BB4-4DCC-4423-9357-7FA31F91E763,D3BF6381-E587-4D3F-A9D4-89CE72E8C7C2,2022-09-23 16:43:44 +0000,2022-09-23 16:48:14 +0000,FALSE
CFA8FAD0-5BFC-4A63-A0A2-9EDCFBCE0F5C,D3BF6381-E587-4D3F-A9D4-89CE72E8C7C2,2022-09-12 12:55:36 +0000,2022-09-12 12:55:56 +0000,FALSE
260CAD8B-6B1A-4E06-ADFE-074BFB04864B,D3BF6381-E587-4D3F-A9D4-89CE72E8C7C2,2022-09-23 20:00:13 +0000,2022-09-23 20:00:44 +0000,FALSE
4D413954-48F8-42E0-81AE-C8DB9E0ED67D,D3BF6381-E587-4D3F-A9D4-89CE72E8C7C2,2022-09-09 23:35:39 +0000,2022-09-09 23:41:19 +0000,FALSE
E9C02E66-2022-43FE-AB91-DE063C804497,D3BF6381-E587-4D3F-A9D4-89CE72E8C7C2,2022-09-11 01:04:17 +0000,2022-09-11 01:04:25 +0000,FALSE
5D5FD72C-D3D3-46BA-A3EA-452D83E7C2E8,D3BF6381-E587-4D3F-A9D4-89CE72E8C7C2,2022-09-11 20:31:43 +0000,2022-09-11 20:38:26 +0000,FALSE
182FA793-FEB2-4DD0-8436-0E486B63AA79,D3BF6381-E587-4D3F-A9D4-89CE72E8C7C2,2022-09-09 23:49:27 +0000,2022-09-09 23:49:56 +0000,FALSE
ED006C36-55AA-4C06-BBCF-2A909FA59628,D3BF6381-E587-4D3F-A9D4-89CE72E8C7C2,2022-09-24 16:59:51 +0000,2022-09-24 17:02:36 +0000,FALSE
2D49FD34-01A9-483B-834E-5F8F328FB6FC,D3BF6381-E587-4D3F-A9D4-89CE72E8C7C2,2022-09-09 21:44:35 +0000,2022-09-09 21:44:52 +0000,FALSE
A3A1EF6B-FD92-4A58-8A6D-F8E99194A8E2,D3BF6381-E587-4D3F-A9D4-89CE72E8C7C2,2022-09-25 15:45:09 +0000,2022-09-25 15:45:58 +0000,FALSE
158D9E4E-718B-4228-AAF5-25645EF0EAA3,D3BF6381-E587-4D3F-A9D4-89CE72E8C7C2,2022-09-23 16:51:40 +0000,2022-09-23 16:51:50 +0000,FALSE
10777D8F-60C7-4BA4-A64F-B10B9888F35A,D3BF6381-E587-4D3F-A9D4-89CE72E8C7C2,2022-09-23 15:15:43 +0000,2022-09-23 15:16:37 +0000,FALSE
004A3100-3F28-40FB-BFE4-FEC7BEB901B6,D3BF6381-E587-4D3F-A9D4-89CE72E8C7C2,2022-09-24 19:26:48 +0000,2022-09-24 19:28:01 +0000,FALSE
868A315C-D021-4B73-9B42-BF2531510202,D3BF6381-E587-4D3F-A9D4-89CE72E8C7C2,2022-09-11 01:12:27 +0000,2022-09-11 01:13:05 +0000,FALSE
F87F67B8-82D9-42FE-B39C-D54DECE40D1E,D3BF6381-E587-4D3F-A9D4-89CE72E8C7C2,2022-09-25 02:08:52 +0000,2022-09-25 02:09:14 +0000,FALSE
520AC250-AA42-4639-84AE-BC8032FA641F,D3BF6381-E587-4D3F-A9D4-89CE72E8C7C2,2022-09-11 18:40:37 +0000,2022-09-11 18:41:53 +0000,FALSE
86655D67-3DF9-45AC-96D6-08AB1D0FA582,D3BF6381-E587-4D3F-A9D4-89CE72E8C7C2,2022-09-10 01:30:44 +0000,2022-09-10 01:32:28 +0000,FALSE
15594722-1050-402F-A597-B8777BC51348,D3BF6381-E587-4D3F-A9D4-89CE72E8C7C2,2022-09-10 03:46:49 +0000,2022-09-10 03:59:56 +0000,FALSE
FC835189-DFE3-4763-8EEE-914F5EB87EA7,D3BF6381-E587-4D3F-A9D4-89CE72E8C7C2,2022-09-10 18:39:36 +0000,2022-09-10 18:39:38 +0000,FALSE
80763AA6-37B8-43EC-BCFF-46F3DBBEF4FB,D3BF6381-E587-4D3F-A9D4-89CE72E8C7C2,2022-09-25 16:29:56 +0000,2022-09-25 16:30:00 +0000,FALSE
84EEA42C-77F6-4E5C-8C90-19732661220E,D3BF6381-E587-4D3F-A9D4-89CE72E8C7C2,2022-09-24 18:34:28 +0000,2022-09-24 18:41:22 +0000,FALSE
EA0C7BAD-560D-4F2F-AD75-0128D4798FD7,D3BF6381-E587-4D3F-A9D4-89CE72E8C7C2,2022-09-10 21:45:09 +0000,2022-09-10 21:45:18 +0000,FALSE
E5465985-E828-4FD4-B461-F7917889C933,D3BF6381-E587-4D3F-A9D4-89CE72E8C7C2,2022-09-11 00:37:03 +0000,2022-09-11 00:37:04 +0000,FALSE
07B632C0-0A99-4C53-9F8C-A4602100AE45,D3BF6381-E587-4D3F-A9D4-89CE72E8C7C2,2022-09-10 15:43:26 +0000,2022-09-10 15:44:43 +0000,FALSE
4E41ACAF-745D-4B33-96F4-EBE1ED6D8AAD,D3BF6381-E587-4D3F-A9D4-89CE72E8C7C2,2022-09-09 19:58:32 +0000,2022-09-09 19:58:40 +0000,FALSE
860765AE-9021-4631-B459-C59429DD0B15,D3BF6381-E587-4D3F-A9D4-89CE72E8C7C2,2022-09-23 16:35:11 +0000,2022-09-23 16:35:35 +0000,FALSE
B35B501D-AC13-4DBB-A0CA-52C3A0CBFBF3,D3BF6381-E587-4D3F-A9D4-89CE72E8C7C2,2022-09-11 22:28:18 +0000,2022-09-11 22:29:22 +0000,FALSE
5E9AB377-9A43-42A7-8686-8A5AC0DE684C,D3BF6381-E587-4D3F-A9D4-89CE72E8C7C2,2022-09-12 00:01:59 +0000,2022-09-12 00:05:21 +0000,FALSE
818F4FA2-EE3E-4F43-AE57-194C1F4A08A9,D3BF6381-E587-4D3F-A9D4-89CE72E8C7C2,2022-09-12 01:08:52 +0000,2022-09-12 01:09:26 +0000,FALSE
FA23C47A-7A01-4711-B08A-87D16EDE06AC,D3BF6381-E587-4D3F-A9D4-89CE72E8C7C2,2022-09-11 17:03:31 +0000,2022-09-11 17:04:52 +0000,FALSE
78D0A7C8-2621-49B5-A378-E77A7115AD30,D3BF6381-E587-4D3F-A9D4-89CE72E8C7C2,2022-09-12 12:40:12 +0000,2022-09-12 12:45:36 +0000,FALSE
72E83B5E-BD47-4A09-AC6A-6A93B4937FF2,D3BF6381-E587-4D3F-A9D4-89CE72E8C7C2,2022-09-11 01:17:29 +0000,2022-09-11 01:17:32 +0000,FALSE
30EB3821-18D0-406A-804B-478274C4C3EF,D3BF6381-E587-4D3F-A9D4-89CE72E8C7C2,2022-09-09 18:23:11 +0000,2022-09-09 18:23:19 +0000,FALSE
B3A7152E-DA3D-4A64-A57B-0D55D5BB3405,D3BF6381-E587-4D3F-A9D4-89CE72E8C7C2,2022-09-23 22:20:21 +0000,2022-09-23 22:22:36 +0000,FALSE
DCFF2E17-8527-44A2-8A3C-D0A7F4486B72,D3BF6381-E587-4D3F-A9D4-89CE72E8C7C2,2022-09-24 22:38:34 +0000,2022-09-24 23:02:05 +0000,FALSE
FB10A7C7-C0E0-4531-9A29-F596BB8552BA,D3BF6381-E587-4D3F-A9D4-89CE72E8C7C2,2022-09-10 00:05:23 +0000,2022-09-10 00:29:28 +0000,FALSE
4C3C9B9E-9A38-47F2-9A45-F57A52D630BB,D3BF6381-E587-4D3F-A9D4-89CE72E8C7C2,2022-09-11 22:20:49 +0000,2022-09-11 22:21:45 +0000,FALSE
F7270738-ABBC-480E-A72D-7DB7DB900BD0,D3BF6381-E587-4D3F-A9D4-89CE72E8C7C2,2022-09-10 16:43:09 +0000,2022-09-10 16:43:24 +0000,FALSE
D7302B73-135B-4DF7-92B1-BBEC183AFD83,D3BF6381-E587-4D3F-A9D4-89CE72E8C7C2,2022-09-23 23:17:51 +0000,2022-09-23 23:18:21 +0000,FALSE
4BC5CA43-E9C2-4EB0-8B0C-2E35E06F3DBF,D3BF6381-E587-4D3F-A9D4-89CE72E8C7C2,2022-09-12 01:38:00 +0000,2022-09-12 01:38:21 +0000,FALSE
DFE7D5CC-62CA-4BD9-8DD7-618C4CF5BEE8,D3BF6381-E587-4D3F-A9D4-89CE72E8C7C2,2022-09-24 19:02:54 +0000,2022-09-24 19:02:55 +0000,FALSE
28416BFC-4BE8-4777-A0BF-AC8F5F09ED9F,D3BF6381-E587-4D3F-A9D4-89CE72E8C7C2,2022-09-10 03:43:17 +0000,2022-09-10 03:43:49 +0000,FALSE
9534F1ED-1BCB-42FC-A6E7-11B7DF4A0E83,D3BF6381-E587-4D3F-A9D4-89CE72E8C7C2,2022-09-10 22:46:05 +0000,2022-09-10 22:48:47 +0000,FALSE
43C81DE8-BF69-40E3-89C2-0AFA8DA60B8C,D3BF6381-E587-4D3F-A9D4-89CE72E8C7C2,2022-09-09 23:04:02 +0000,2022-09-09 23:06:46 +0000,FALSE
80338DBB-BD96-4F49-8A7E-75E612D0AD96,D3BF6381-E587-4D3F-A9D4-89CE72E8C7C2,2022-09-12 01:11:49 +0000,2022-09-12 01:11:53 +0000,FALSE
27590036-DF79-4049-A9D0-384D2E848AB3,D3BF6381-E587-4D3F-A9D4-89CE72E8C7C2,2022-09-23 22:10:40 +0000,2022-09-23 22:12:59 +0000,FALSE
EA7CB18A-1514-4A28-A3DF-B2E9DAEE7F8F,D3BF6381-E587-4D3F-A9D4-89CE72E8C7C2,2022-09-10 01:28:04 +0000,2022-09-10 01:28:10 +0000,FALSE
157E8B52-0D53-48E7-9911-E9A5460CE120,D3BF6381-E587-4D3F-A9D4-89CE72E8C7C2,2022-09-11 21:12:36 +0000,2022-09-11 21:13:59 +0000,FALSE
07BF2B83-8E80-4E34-AEC5-87FD0DB1BDDA,D3BF6381-E587-4D3F-A9D4-89CE72E8C7C2,2022-09-12 04:47:12 +0000,2022-09-12 04:47:24 +0000,FALSE
A4F57C44-61BD-4211-83E7-841C7539420C,D3BF6381-E587-4D3F-A9D4-89CE72E8C7C2,2022-09-25 18:13:52 +0000,2022-09-25 18:14:12 +0000,FALSE
C8431A52-CDC7-49BA-86C5-ABC50C942423,D3BF6381-E587-4D3F-A9D4-89CE72E8C7C2,2022-09-12 11:50:38 +0000,2022-09-12 11:51:44 +0000,FALSE
7B6BD5C8-A15A-41D2-B32C-B8310164031A,D3BF6381-E587-4D3F-A9D4-89CE72E8C7C2,2022-09-23 19:23:30 +0000,2022-09-23 19:23:58 +0000,FALSE
82F9D2C7-A869-4059-B4AB-6972BC7B52AF,D3BF6381-E587-4D3F-A9D4-89CE72E8C7C2,2022-09-23 14:39:49 +0000,2022-09-23 14:44:37 +0000,FALSE
9595AC04-52D1-4D54-9B7E-1D3316F6D388,D3BF6381-E587-4D3F-A9D4-89CE72E8C7C2,2022-09-23 15:20:01 +0000,2022-09-23 15:23:11 +0000,FALSE
CC703F47-332E-4416-AA8F-FFFA83FE027A,D3BF6381-E587-4D3F-A9D4-89CE72E8C7C2,2022-09-11 00:15:42 +0000,2022-09-11 00:17:00 +0000,FALSE
B7EA4F1A-98A5-4C05-ADCD-38ABF08F943D,D3BF6381-E587-4D3F-A9D4-89CE72E8C7C2,2022-09-10 22:43:54 +0000,2022-09-10 22:45:38 +0000,FALSE
F907F258-608E-4B53-8DC7-B67E1BF1E2C9,D3BF6381-E587-4D3F-A9D4-89CE72E8C7C2,2022-09-24 16:26:09 +0000,2022-09-24 16:26:13 +0000,FALSE
62D7E154-EA89-4502-9EAC-5ADE3A5F0610,D3BF6381-E587-4D3F-A9D4-89CE72E8C7C2,2022-09-11 00:12:12 +0000,2022-09-11 00:15:01 +0000,FALSE
95BDF44F-447B-4357-B553-93D91A797F49,D3BF6381-E587-4D3F-A9D4-89CE72E8C7C2,2022-09-24 23:59:29 +0000,2022-09-24 23:59:50 +0000,FALSE
64917C23-990C-4189-9CE2-BF4C5D0CABA2,D3BF6381-E587-4D3F-A9D4-89CE72E8C7C2,2022-09-09 18:29:03 +0000,2022-09-09 18:29:23 +0000,FALSE
54AD2648-533B-4EE5-BF15-6F4A1A06E355,D3BF6381-E587-4D3F-A9D4-89CE72E8C7C2,2022-09-24 17:11:45 +0000,2022-09-24 17:13:15 +0000,FALSE
EDAEA48E-9F76-4CCD-A3F2-01CD3FAFBB9F,D3BF6381-E587-4D3F-A9D4-89CE72E8C7C2,2022-09-23 20:45:09 +0000,2022-09-23 20:49:46 +0000,FALSE
0FE83BDF-9A62-4133-BCAF-35AC2C61741F,D3BF6381-E587-4D3F-A9D4-89CE72E8C7C2,2022-09-11 22:22:06 +0000,2022-09-11 22:22:13 +0000,FALSE
2E60D349-6BFE-479A-A59D-746838749541,D3BF6381-E587-4D3F-A9D4-89CE72E8C7C2,2022-09-24 17:29:12 +0000,2022-09-24 17:29:20 +0000,FALSE
F6C11920-948D-40B1-8CDC-C5128C55C2A7,D3BF6381-E587-4D3F-A9D4-89CE72E8C7C2,2022-09-10 17:37:03 +0000,2022-09-10 17:37:05 +0000,FALSE
90CF488B-70D3-4054-9967-6B2002CAAA84,D3BF6381-E587-4D3F-A9D4-89CE72E8C7C2,2022-09-12 02:54:17 +0000,2022-09-12 03:00:40 +0000,FALSE
D8D4D614-BBB3-40E3-8AC7-093B9A4C4C6D,D3BF6381-E587-4D3F-A9D4-89CE72E8C7C2,2022-09-23 18:21:45 +0000,2022-09-23 18:21:49 +0000,FALSE
372BA9C2-ADF4-4BD9-89A6-8826A3A3D814,D3BF6381-E587-4D3F-A9D4-89CE72E8C7C2,2022-09-12 11:52:01 +0000,2022-09-12 11:54:04 +0000,FALSE
4E1C900B-5F45-4D84-9F67-4C32C81F543A,D3BF6381-E587-4D3F-A9D4-89CE72E8C7C2,2022-09-09 21:48:41 +0000,2022-09-09 21:53:32 +0000,FALSE
E33A1B77-D36B-4DF8-A48E-9E016AA7D4C0,D3BF6381-E587-4D3F-A9D4-89CE72E8C7C2,2022-09-10 16:12:11 +0000,2022-09-10 16:22:07 +0000,FALSE
EC25D769-291D-4C2D-8CDF-27EDE526E0A5,D3BF6381-E587-4D3F-A9D4-89CE72E8C7C2,2022-09-10 17:05:00 +0000,2022-09-10 17:05:15 +0000,FALSE
35C1632B-DE98-4C19-AE47-468AD80F8F09,D3BF6381-E587-4D3F-A9D4-89CE72E8C7C2,2022-09-25 18:07:34 +0000,2022-09-25 18:08:27 +0000,FALSE
4A879D9A-7367-4A19-9E17-C4669ECA2616,D3BF6381-E587-4D3F-A9D4-89CE72E8C7C2,2022-09-25 15:55:49 +0000,2022-09-25 15:55:54 +0000,FALSE
EDFA97A0-F457-4490-A511-134A0F4E3E08,D3BF6381-E587-4D3F-A9D4-89CE72E8C7C2,2022-09-25 00:00:28 +0000,2022-09-25 00:01:10 +0000,FALSE
7AD802F7-2117-4FB9-970B-BE30E40ABC93,D3BF6381-E587-4D3F-A9D4-89CE72E8C7C2,2022-09-12 01:04:34 +0000,2022-09-12 01:05:29 +0000,FALSE
A8569836-E3AF-49C7-9B57-43B02BEEB8F3,D3BF6381-E587-4D3F-A9D4-89CE72E8C7C2,2022-09-11 23:46:59 +0000,2022-09-11 23:47:12 +0000,FALSE
F0FB662C-83C9-4FB8-93CF-09D941EE259F,D3BF6381-E587-4D3F-A9D4-89CE72E8C7C2,2022-09-11 21:19:26 +0000,2022-09-11 21:20:31 +0000,FALSE
62ACE6F0-593E-4F6C-AB1D-B18D9EE2F4B4,D3BF6381-E587-4D3F-A9D4-89CE72E8C7C2,2022-09-09 17:06:40 +0000,2022-09-09 17:08:13 +0000,FALSE
A3F5A427-581B-43C2-9546-7F9621CE6F06,D3BF6381-E587-4D3F-A9D4-89CE72E8C7C2,2022-09-11 20:00:39 +0000,2022-09-11 20:05:49 +0000,FALSE
A257C11A-221A-46C2-9D00-C5EBB407A72D,D3BF6381-E587-4D3F-A9D4-89CE72E8C7C2,2022-09-09 17:36:59 +0000,2022-09-09 17:37:34 +0000,FALSE
003A282B-A256-40FF-ADFF-8EFEC155034C,D3BF6381-E587-4D3F-A9D4-89CE72E8C7C2,2022-09-24 21:57:05 +0000,2022-09-24 21:59:30 +0000,FALSE
E8154B84-31E1-4CAE-A517-EB1538A52679,D3BF6381-E587-4D3F-A9D4-89CE72E8C7C2,2022-09-09 16:47:47 +0000,2022-09-09 16:47:55 +0000,FALSE
6A19C45A-902F-4A40-8C34-DA2A602BE186,D3BF6381-E587-4D3F-A9D4-89CE72E8C7C2,2022-09-25 15:27:44 +0000,2022-09-25 15:29:59 +0000,FALSE
82EC8E08-52A4-4732-ADEE-BE0FF544E143,D3BF6381-E587-4D3F-A9D4-89CE72E8C7C2,2022-09-24 18:08:20 +0000,2022-09-24 18:09:04 +0000,FALSE
348BEA6E-A63E-4424-B83A-18064B0A8D93,D3BF6381-E587-4D3F-A9D4-89CE72E8C7C2,2022-09-24 03:28:42 +0000,2022-09-24 03:28:50 +0000,FALSE
F4DEA196-429A-4ED8-915E-8A3C3A8D9E7F,D3BF6381-E587-4D3F-A9D4-89CE72E8C7C2,2022-09-25 17:21:22 +0000,2022-09-25 17:22:27 +0000,FALSE
1DB2B4ED-A83D-45EA-8666-212CE4AA88EC,D3BF6381-E587-4D3F-A9D4-89CE72E8C7C2,2022-09-10 23:59:04 +0000,2022-09-10 23:59:38 +0000,FALSE
6A41F8D1-862A-4EF2-A0B9-BAA627CB6806,D3BF6381-E587-4D3F-A9D4-89CE72E8C7C2,2022-09-09 19:53:46 +0000,2022-09-09 19:53:47 +0000,FALSE
003F081B-815C-4E8E-955A-CB46DFB88A0F,D3BF6381-E587-4D3F-A9D4-89CE72E8C7C2,2022-09-12 13:31:48 +0000,2022-09-12 13:32:25 +0000,FALSE
F64A54C3-7D8F-4BEF-8F80-9FD6A9AB68E3,D3BF6381-E587-4D3F-A9D4-89CE72E8C7C2,2022-09-09 17:08:19 +0000,2022-09-09 17:09:42 +0000,FALSE
F0DA509E-922B-4B09-818F-620FDC338B95,D3BF6381-E587-4D3F-A9D4-89CE72E8C7C2,2022-09-12 12:46:00 +0000,2022-09-12 12:46:10 +0000,FALSE
BE885731-D7CE-400B-8F29-BA66AA84CBA8,D3BF6381-E587-4D3F-A9D4-89CE72E8C7C2,2022-09-23 22:30:35 +0000,2022-09-23 22:43:33 +0000,FALSE
66052413-8F37-46A7-B190-F168AB2D0066,D3BF6381-E587-4D3F-A9D4-89CE72E8C7C2,2022-09-12 13:16:34 +0000,2022-09-12 13:24:40 +0000,FALSE
A08409DC-8327-4C6D-84DD-BB977213A2EB,D3BF6381-E587-4D3F-A9D4-89CE72E8C7C2,2022-09-24 17:57:30 +0000,2022-09-24 17:59:12 +0000,FALSE
0400EA8A-FB57-465D-8A0B-0C5C7848EA9B,D3BF6381-E587-4D3F-A9D4-89CE72E8C7C2,2022-09-11 21:28:09 +0000,2022-09-11 21:29:05 +0000,FALSE
9414E287-D0DB-4582-82B6-D72C630B87C2,D3BF6381-E587-4D3F-A9D4-89CE72E8C7C2,2022-09-09 13:43:48 +0000,2022-09-09 13:54:56 +0000,FALSE
28077127-0643-466B-A3F6-0B65F6FAE50F,D3BF6381-E587-4D3F-A9D4-89CE72E8C7C2,2022-09-25 00:31:48 +0000,2022-09-25 00:32:18 +0000,FALSE
906A39C1-09C9-425B-AB49-803306E1F725,D3BF6381-E587-4D3F-A9D4-89CE72E8C7C2,2022-09-24 17:47:20 +0000,2022-09-24 17:47:41 +0000,FALSE
6AEF0CCA-054C-46CA-BE3A-C7A428FDBD99,D3BF6381-E587-4D3F-A9D4-89CE72E8C7C2,2022-09-12 00:55:53 +0000,2022-09-12 00:55:57 +0000,FALSE
7B2A56AF-668A-4C5D-B15A-485A1CF8010D,D3BF6381-E587-4D3F-A9D4-89CE72E8C7C2,2022-09-25 17:22:53 +0000,2022-09-25 17:23:51 +0000,FALSE
FDCDABF9-7DB6-49AE-A9D5-C577C5228AC6,D3BF6381-E587-4D3F-A9D4-89CE72E8C7C2,2022-09-09 19:37:32 +0000,2022-09-09 19:44:16 +0000,FALSE
A2829776-62A5-4267-A416-A9E3B04CF4F1,D3BF6381-E587-4D3F-A9D4-89CE72E8C7C2,2022-09-09 20:28:04 +0000,2022-09-09 20:28:18 +0000,FALSE
FBDA6EEB-CD72-490F-9007-11C30B5E0780,D3BF6381-E587-4D3F-A9D4-89CE72E8C7C2,2022-09-11 19:50:44 +0000,2022-09-11 19:51:47 +0000,FALSE
2CF47502-E01C-445E-9F6E-E278107AD2E3,D3BF6381-E587-4D3F-A9D4-89CE72E8C7C2,2022-09-12 11:56:40 +0000,2022-09-12 11:56:55 +0000,FALSE
20B0C5F8-6CD7-4852-92A1-596D0A7FCCD7,D3BF6381-E587-4D3F-A9D4-89CE72E8C7C2,2022-09-09 18:04:54 +0000,2022-09-09 18:08:11 +0000,FALSE
425391DB-E1D6-480B-9646-5C22163FAB8C,D3BF6381-E587-4D3F-A9D4-89CE72E8C7C2,2022-09-11 19:50:14 +0000,2022-09-11 19:50:27 +0000,FALSE
5F59E6FA-0257-48A4-865B-242CF433AFFD,D3BF6381-E587-4D3F-A9D4-89CE72E8C7C2,2022-09-23 16:04:17 +0000,2022-09-23 16:07:11 +0000,FALSE
A1A8C01A-CC86-44F8-AC21-8F74BCFBADD7,D3BF6381-E587-4D3F-A9D4-89CE72E8C7C2,2022-09-12 02:06:10 +0000,2022-09-12 02:09:52 +0000,FALSE
42A5BD33-2DCD-4669-A3D7-2EEC04441606,D3BF6381-E587-4D3F-A9D4-89CE72E8C7C2,2022-09-11 23:16:17 +0000,2022-09-11 23:16:55 +0000,FALSE
4179AF2E-00BB-4D83-9257-5DFE316EE0DD,D3BF6381-E587-4D3F-A9D4-89CE72E8C7C2,2022-09-25 18:37:04 +0000,2022-09-25 18:37:08 +0000,FALSE
5642B393-F08C-48BE-80FA-698602A15530,D3BF6381-E587-4D3F-A9D4-89CE72E8C7C2,2022-09-11 20:12:47 +0000,2022-09-11 20:13:20 +0000,FALSE
E1F23345-5CE6-47CF-B6BB-3B1FE88B7269,D3BF6381-E587-4D3F-A9D4-89CE72E8C7C2,2022-09-11 23:35:12 +0000,2022-09-11 23:36:31 +0000,FALSE
1026AF1E-F680-4A4F-AC82-54634581B9FE,D3BF6381-E587-4D3F-A9D4-89CE72E8C7C2,2022-09-23 19:48:19 +0000,2022-09-23 19:59:48 +0000,FALSE
E8B67042-9093-4927-B94B-54547BE6AF0C,D3BF6381-E587-4D3F-A9D4-89CE72E8C7C2,2022-09-23 16:43:33 +0000,2022-09-23 16:43:42 +0000,FALSE
349780D1-2E47-4C05-8D60-6E329ECDD823,D3BF6381-E587-4D3F-A9D4-89CE72E8C7C2,2022-09-24 17:05:15 +0000,2022-09-24 17:05:24 +0000,FALSE
97D1D50F-320E-403B-8CF8-F89FEE15A300,D3BF6381-E587-4D3F-A9D4-89CE72E8C7C2,2022-09-24 14:55:40 +0000,2022-09-24 14:56:16 +0000,FALSE
E10748A8-CF5D-4CAA-95F1-72CEE868FFE6,D3BF6381-E587-4D3F-A9D4-89CE72E8C7C2,2022-09-23 23:18:31 +0000,2022-09-23 23:18:50 +0000,FALSE
9CA50A48-67DC-432C-9BC0-5FB1677747E7,D3BF6381-E587-4D3F-A9D4-89CE72E8C7C2,2022-09-09 18:29:40 +0000,2022-09-09 18:29:46 +0000,FALSE
261E7145-4050-41D3-B99B-80357E4E05D2,D3BF6381-E587-4D3F-A9D4-89CE72E8C7C2,2022-09-12 02:50:06 +0000,2022-09-12 02:52:53 +0000,FALSE
47FBD602-AA92-49A7-9157-8EBF3F4AFF9A,D3BF6381-E587-4D3F-A9D4-89CE72E8C7C2,2022-09-12 00:59:45 +0000,2022-09-12 01:03:07 +0000,FALSE
27BA593F-12B5-411F-B5F9-81CFC15798AA,D3BF6381-E587-4D3F-A9D4-89CE72E8C7C2,2022-09-24 03:31:26 +0000,2022-09-24 03:31:29 +0000,FALSE
4AEDBC2E-1EFC-4F28-97B6-F2FD902AAB29,D3BF6381-E587-4D3F-A9D4-89CE72E8C7C2,2022-09-11 20:40:37 +0000,2022-09-11 20:44:17 +0000,FALSE
BDB650B9-59A9-4CA4-A455-8CEA39D75397,D3BF6381-E587-4D3F-A9D4-89CE72E8C7C2,2022-09-09 17:53:38 +0000,2022-09-09 17:54:37 +0000,FALSE
E6488E37-56EF-404F-8BB2-0789DC717554,D3BF6381-E587-4D3F-A9D4-89CE72E8C7C2,2022-09-09 17:03:48 +0000,2022-09-09 17:04:42 +0000,FALSE
74C0B635-1BE2-4811-B543-706658FEF775,D3BF6381-E587-4D3F-A9D4-89CE72E8C7C2,2022-09-09 22:33:00 +0000,2022-09-09 22:33:06 +0000,FALSE
109DCC23-0659-4C3F-821C-7AB0ED6B2C8B,D3BF6381-E587-4D3F-A9D4-89CE72E8C7C2,2022-09-11 02:16:49 +0000,2022-09-11 02:17:11 +0000,FALSE
53BA4970-E945-48C7-8CFE-4745EDA85847,D3BF6381-E587-4D3F-A9D4-89CE72E8C7C2,2022-09-09 19:27:56 +0000,2022-09-09 19:33:22 +0000,FALSE
07DEE756-3C59-4291-9017-194BC45641BC,D3BF6381-E587-4D3F-A9D4-89CE72E8C7C2,2022-09-23 15:50:52 +0000,2022-09-23 15:54:24 +0000,FALSE
1A7625A7-F106-4100-9D84-BE1A2756F21E,D3BF6381-E587-4D3F-A9D4-89CE72E8C7C2,2022-09-24 02:17:18 +0000,2022-09-24 02:17:31 +0000,FALSE
A3403AB1-2353-4F7A-B7BE-0CCCBB8BD2E2,D3BF6381-E587-4D3F-A9D4-89CE72E8C7C2,2022-09-09 20:08:03 +0000,2022-09-09 20:08:35 +0000,FALSE
E1B22D80-D6D7-4B3F-9B48-4F64742CDE43,D3BF6381-E587-4D3F-A9D4-89CE72E8C7C2,2022-09-11 18:39:23 +0000,2022-09-11 18:39:24 +0000,FALSE
F6D89D8A-6CCB-4585-92E1-7C18E7463E24,D3BF6381-E587-4D3F-A9D4-89CE72E8C7C2,2022-09-09 19:53:54 +0000,2022-09-09 19:54:06 +0000,FALSE
D3C21D43-A30F-4F6B-AC6C-BDDA22C7B91E,D3BF6381-E587-4D3F-A9D4-89CE72E8C7C2,2022-09-12 11:01:53 +0000,2022-09-12 11:02:29 +0000,FALSE
F7A33C11-2D95-4DA7-B7A9-90ACE27AB431,D3BF6381-E587-4D3F-A9D4-89CE72E8C7C2,2022-09-23 22:02:57 +0000,2022-09-23 22:02:59 +0000,FALSE
B8D5A334-5B36-4EC2-B55A-4C6BD219923D,D3BF6381-E587-4D3F-A9D4-89CE72E8C7C2,2022-09-09 19:45:58 +0000,2022-09-09 19:47:20 +0000,FALSE
59C7A395-E12A-4933-81A4-B0F6905CF3FF,D3BF6381-E587-4D3F-A9D4-89CE72E8C7C2,2022-09-10 18:31:59 +0000,2022-09-10 18:38:35 +0000,FALSE
0B8AC5B6-DD75-4271-9388-7DC44AFB3711,D3BF6381-E587-4D3F-A9D4-89CE72E8C7C2,2022-09-11 16:09:31 +0000,2022-09-11 16:09:36 +0000,FALSE
DB02B5E4-C4B1-4528-8B92-B8B6DA7401FA,D3BF6381-E587-4D3F-A9D4-89CE72E8C7C2,2022-09-11 02:14:26 +0000,2022-09-11 02:14:27 +0000,FALSE
04454037-F589-4530-9F0B-515D3E949E7D,D3BF6381-E587-4D3F-A9D4-89CE72E8C7C2,2022-09-11 22:24:14 +0000,2022-09-11 22:25:20 +0000,FALSE
B8468D16-CA26-4800-9200-D52AD2D7EF2D,D3BF6381-E587-4D3F-A9D4-89CE72E8C7C2,2022-09-12 01:24:41 +0000,2022-09-12 01:24:49 +0000,FALSE
6B42EAB0-F810-4C8A-98D3-8AB4BDC89F53,D3BF6381-E587-4D3F-A9D4-89CE72E8C7C2,2022-09-11 21:15:20 +0000,2022-09-11 21:15:29 +0000,FALSE
84690325-A9B5-4C03-BF17-8E14CA9EE0FD,D3BF6381-E587-4D3F-A9D4-89CE72E8C7C2,2022-09-23 16:33:56 +0000,2022-09-23 16:34:52 +0000,FALSE
9CC81031-EBCD-4AB5-8F03-351A6F694B08,D3BF6381-E587-4D3F-A9D4-89CE72E8C7C2,2022-09-09 19:20:49 +0000,2022-09-09 19:21:29 +0000,FALSE
DA6DCE68-DC76-48A6-96A5-98153E8847F0,D3BF6381-E587-4D3F-A9D4-89CE72E8C7C2,2022-09-09 16:46:40 +0000,2022-09-09 16:46:41 +0000,FALSE
9F9C3DA6-4C65-484F-A17D-F17592AE2B8A,D3BF6381-E587-4D3F-A9D4-89CE72E8C7C2,2022-09-25 18:35:27 +0000,2022-09-25 18:35:50 +0000,FALSE
9C2EA069-DC58-44BA-9E15-13CED086EB26,D3BF6381-E587-4D3F-A9D4-89CE72E8C7C2,2022-09-24 05:18:27 +0000,2022-09-24 05:18:38 +0000,FALSE
C4A5EA60-98C8-41C5-84DD-33ADCA6030AD,D3BF6381-E587-4D3F-A9D4-89CE72E8C7C2,2022-09-24 05:24:13 +0000,2022-09-24 05:26:41 +0000,FALSE
9C2258DC-1831-40D0-ADE8-EF4CEC1D330E,D3BF6381-E587-4D3F-A9D4-89CE72E8C7C2,2022-09-09 22:14:43 +0000,2022-09-09 22:14:54 +0000,FALSE
0CA97D0E-54DA-4B9B-8D0D-1373E37DDDF5,D3BF6381-E587-4D3F-A9D4-89CE72E8C7C2,2022-09-11 22:30:13 +0000,2022-09-11 22:30:57 +0000,FALSE
3BAB7C05-962A-4C09-84A4-C5DC412790FE,D3BF6381-E587-4D3F-A9D4-89CE72E8C7C2,2022-09-11 21:32:57 +0000,2022-09-11 21:34:30 +0000,FALSE
E39C0B81-8569-4337-A400-09F71C497BD2,D3BF6381-E587-4D3F-A9D4-89CE72E8C7C2,2022-09-25 16:26:39 +0000,2022-09-25 16:28:21 +0000,FALSE
FEDAAE91-43FB-458A-8B62-300C101EF3DC,D3BF6381-E587-4D3F-A9D4-89CE72E8C7C2,2022-09-11 21:04:07 +0000,2022-09-11 21:05:02 +0000,FALSE
B3EBF1D3-4DC2-442A-B93B-1F0C239086EE,D3BF6381-E587-4D3F-A9D4-89CE72E8C7C2,2022-09-24 18:48:01 +0000,2022-09-24 18:48:02 +0000,FALSE
0F73D77A-A5C0-424E-BCE1-5EFB3F798D33,D3BF6381-E587-4D3F-A9D4-89CE72E8C7C2,2022-09-12 00:57:35 +0000,2022-09-12 00:58:52 +0000,FALSE
C9CFE647-B9FB-4E82-940F-53BE004F7F0B,D3BF6381-E587-4D3F-A9D4-89CE72E8C7C2,2022-09-09 20:30:16 +0000,2022-09-09 20:32:29 +0000,FALSE
E951993B-B3E2-4469-B3F9-26E31DDBDF90,D3BF6381-E587-4D3F-A9D4-89CE72E8C7C2,2022-09-25 00:25:08 +0000,2022-09-25 00:25:24 +0000,FALSE
752F046D-2CF1-459A-90C0-50A57A2DF965,D3BF6381-E587-4D3F-A9D4-89CE72E8C7C2,2022-09-24 15:17:37 +0000,2022-09-24 15:17:41 +0000,FALSE
809F1223-E7CE-4A15-A890-CCEA38B4E8EF,D3BF6381-E587-4D3F-A9D4-89CE72E8C7C2,2022-09-12 04:58:52 +0000,2022-09-12 04:58:58 +0000,FALSE
7E8ED646-0E95-4843-9981-ADEB0917F2DC,D3BF6381-E587-4D3F-A9D4-89CE72E8C7C2,2022-09-12 12:45:42 +0000,2022-09-12 12:45:45 +0000,FALSE
3E05918E-579C-4F42-81D2-0F89D51B9146,D3BF6381-E587-4D3F-A9D4-89CE72E8C7C2,2022-09-23 18:36:27 +0000,2022-09-23 18:43:23 +0000,FALSE
0B4E6408-1F93-48D2-9B95-5D21AD52120E,D3BF6381-E587-4D3F-A9D4-89CE72E8C7C2,2022-09-23 22:14:59 +0000,2022-09-23 22:16:54 +0000,FALSE
37F3E7B9-80A4-4DCB-A8E4-2B29AEAC8342,D3BF6381-E587-4D3F-A9D4-89CE72E8C7C2,2022-09-23 22:07:43 +0000,2022-09-23 22:08:08 +0000,FALSE
CEAF2C8F-1CF6-47EA-A0F8-130B14BCB832,D3BF6381-E587-4D3F-A9D4-89CE72E8C7C2,2022-09-23 21:21:53 +0000,2022-09-23 21:26:23 +0000,FALSE
BD7116B3-ADD3-464C-9394-82AA35181036,D3BF6381-E587-4D3F-A9D4-89CE72E8C7C2,2022-09-24 16:26:24 +0000,2022-09-24 16:26:30 +0000,FALSE
3E8606D5-BD77-4CF0-9FB7-2848B0BD51A7,D3BF6381-E587-4D3F-A9D4-89CE72E8C7C2,2022-09-10 22:50:28 +0000,2022-09-10 22:51:04 +0000,FALSE
F954EDEE-1FA0-4576-A32B-A87BBA797445,D3BF6381-E587-4D3F-A9D4-89CE72E8C7C2,2022-09-11 22:52:10 +0000,2022-09-11 22:58:41 +0000,FALSE
494F1AD4-59C9-4A31-BFCB-B652811FA5F6,D3BF6381-E587-4D3F-A9D4-89CE72E8C7C2,2022-09-11 22:33:23 +0000,2022-09-11 22:33:52 +0000,FALSE
202A494B-8D17-4518-9039-44D6D4D000D1,D3BF6381-E587-4D3F-A9D4-89CE72E8C7C2,2022-09-25 16:11:09 +0000,2022-09-25 16:11:13 +0000,FALSE
67BF526D-74DB-4E3F-90AD-A8EFCD88FEE6,D3BF6381-E587-4D3F-A9D4-89CE72E8C7C2,2022-09-11 01:16:53 +0000,2022-09-11 01:17:28 +0000,FALSE
EC019465-D8F0-48D7-A45B-026C0EE9A478,D3BF6381-E587-4D3F-A9D4-89CE72E8C7C2,2022-09-12 01:22:25 +0000,2022-09-12 01:22:27 +0000,FALSE
56EADFA0-866F-4CB5-823D-F9C97BC0D4F1,D3BF6381-E587-4D3F-A9D4-89CE72E8C7C2,2022-09-25 17:48:50 +0000,2022-09-25 17:51:56 +0000,FALSE
5B8E8DC4-C8B3-463C-A930-6F50BCC5BDAC,D3BF6381-E587-4D3F-A9D4-89CE72E8C7C2,2022-09-25 00:26:06 +0000,2022-09-25 00:26:10 +0000,FALSE
0564AAD0-19B5-463E-9C04-24BE8CD053E7,D3BF6381-E587-4D3F-A9D4-89CE72E8C7C2,2022-09-24 04:04:45 +0000,2022-09-24 04:05:01 +0000,FALSE
9FC7879C-8A05-4C03-AD2C-262CA369517B,D3BF6381-E587-4D3F-A9D4-89CE72E8C7C2,2022-09-09 16:50:08 +0000,2022-09-09 16:50:21 +0000,FALSE
D77C3423-CA8F-41F2-AF1F-E4C8A3B64007,D3BF6381-E587-4D3F-A9D4-89CE72E8C7C2,2022-09-10 16:10:00 +0000,2022-09-10 16:11:06 +0000,FALSE
BF71A250-F7B9-46BC-A118-856CD47A086F,D3BF6381-E587-4D3F-A9D4-89CE72E8C7C2,2022-09-10 01:33:37 +0000,2022-09-10 02:06:40 +0000,FALSE
427FC9F0-19BA-4722-95B5-665D9F448FB7,D3BF6381-E587-4D3F-A9D4-89CE72E8C7C2,2022-09-10 23:59:58 +0000,2022-09-11 00:01:41 +0000,FALSE
5074CCEF-A1FC-43DD-B9DC-C8353DEE06DA,D3BF6381-E587-4D3F-A9D4-89CE72E8C7C2,2022-09-24 18:59:58 +0000,2022-09-24 19:00:13 +0000,FALSE
6B90C75C-5BAA-4576-BB24-1C2F4CAB93A8,D3BF6381-E587-4D3F-A9D4-89CE72E8C7C2,2022-09-24 16:01:21 +0000,2022-09-24 16:02:12 +0000,FALSE
FD01C903-0C9C-46C6-AEC3-5DF910AA2187,D3BF6381-E587-4D3F-A9D4-89CE72E8C7C2,2022-09-11 16:49:19 +0000,2022-09-11 17:03:14 +0000,FALSE
C8B408D6-51FD-4F10-922E-6FB7BD590C99,D3BF6381-E587-4D3F-A9D4-89CE72E8C7C2,2022-09-11 22:31:16 +0000,2022-09-11 22:31:42 +0000,FALSE
98DA3C72-CA88-46BE-BC5F-F203C2688314,D3BF6381-E587-4D3F-A9D4-89CE72E8C7C2,2022-09-10 22:27:10 +0000,2022-09-10 22:31:35 +0000,FALSE
89ED0B90-7820-4DB7-B1FC-D8A40200CCD1,D3BF6381-E587-4D3F-A9D4-89CE72E8C7C2,2022-09-23 23:23:56 +0000,2022-09-23 23:24:21 +0000,FALSE
085FF243-B833-4A24-B447-A61659FFF781,D3BF6381-E587-4D3F-A9D4-89CE72E8C7C2,2022-09-09 19:11:38 +0000,2022-09-09 19:12:09 +0000,FALSE
3B6B37A0-0664-42E4-98EE-F65D407304D0,D3BF6381-E587-4D3F-A9D4-89CE72E8C7C2,2022-09-10 18:45:43 +0000,2022-09-10 18:45:51 +0000,FALSE
C2042920-BEB7-4021-9F14-131BA76C8989,D3BF6381-E587-4D3F-A9D4-89CE72E8C7C2,2022-09-24 21:16:08 +0000,2022-09-24 21:25:06 +0000,FALSE
6C374543-D982-4ADC-9068-C50C6CF55A3A,D3BF6381-E587-4D3F-A9D4-89CE72E8C7C2,2022-09-23 14:47:31 +0000,2022-09-23 14:48:28 +0000,FALSE
7B1856E5-459D-47F2-BACE-4585C9FA900C,D3BF6381-E587-4D3F-A9D4-89CE72E8C7C2,2022-09-11 00:18:47 +0000,2022-09-11 00:19:01 +0000,FALSE
D7054C64-315C-4C99-92E7-77E96ED7447B,D3BF6381-E587-4D3F-A9D4-89CE72E8C7C2,2022-09-25 02:19:15 +0000,2022-09-25 02:19:31 +0000,FALSE
21520F39-6BF1-4FAA-9CD7-ABDDFCCEA309,D3BF6381-E587-4D3F-A9D4-89CE72E8C7C2,2022-09-10 01:30:10 +0000,2022-09-10 01:30:33 +0000,FALSE
71C42EDC-9403-48D8-BF1C-84BB3CB9EFAE,D3BF6381-E587-4D3F-A9D4-89CE72E8C7C2,2022-09-23 20:34:20 +0000,2022-09-23 20:41:52 +0000,FALSE
A119A896-7D81-4396-863B-F43F28FCE917,D3BF6381-E587-4D3F-A9D4-89CE72E8C7C2,2022-09-24 15:16:55 +0000,2022-09-24 15:17:35 +0000,FALSE
8937A56E-18BE-4832-BD19-03C96CE18F63,D3BF6381-E587-4D3F-A9D4-89CE72E8C7C2,2022-09-11 20:55:28 +0000,2022-09-11 20:55:50 +0000,FALSE
BAED1C2D-2E68-44AF-87A3-B8B9F3480091,D3BF6381-E587-4D3F-A9D4-89CE72E8C7C2,2022-09-09 19:14:25 +0000,2022-09-09 19:14:31 +0000,FALSE
BA81D962-80B7-4C62-A93C-40C5E24E5B60,D3BF6381-E587-4D3F-A9D4-89CE72E8C7C2,2022-09-11 17:05:50 +0000,2022-09-11 17:06:42 +0000,FALSE
B13004F1-9ED1-4561-8DCB-5FDE4A10CAF8,D3BF6381-E587-4D3F-A9D4-89CE72E8C7C2,2022-09-09 23:41:56 +0000,2022-09-09 23:45:34 +0000,FALSE
821A9A45-B436-4BC5-949A-8B7E071C34E7,D3BF6381-E587-4D3F-A9D4-89CE72E8C7C2,2022-09-09 19:14:13 +0000,2022-09-09 19:14:14 +0000,FALSE
F2F18447-1CD3-4933-B710-3FECB2F9D4B5,D3BF6381-E587-4D3F-A9D4-89CE72E8C7C2,2022-09-23 15:04:41 +0000,2022-09-23 15:05:04 +0000,FALSE
D36E9428-56AA-48AC-82C5-05A7B652811E,D3BF6381-E587-4D3F-A9D4-89CE72E8C7C2,2022-09-10 17:55:12 +0000,2022-09-10 17:55:18 +0000,FALSE
5A98C66B-AB98-4A20-923B-55825150AD29,D3BF6381-E587-4D3F-A9D4-89CE72E8C7C2,2022-09-10 17:54:37 +0000,2022-09-10 17:55:01 +0000,FALSE
710897B8-28EC-43F0-B19B-937DDB1A76E1,D3BF6381-E587-4D3F-A9D4-89CE72E8C7C2,2022-09-09 22:19:40 +0000,2022-09-09 22:21:06 +0000,FALSE
0E968CDE-54D1-4088-A6F7-8B7F771B0388,D3BF6381-E587-4D3F-A9D4-89CE72E8C7C2,2022-09-25 02:14:34 +0000,2022-09-25 02:17:08 +0000,FALSE
A5435A18-5FB4-49F8-9900-8DC83CF3107D,D3BF6381-E587-4D3F-A9D4-89CE72E8C7C2,2022-09-10 17:19:13 +0000,2022-09-10 17:35:04 +0000,FALSE
098297BA-FB60-46CD-9DC7-07B434A75432,D3BF6381-E587-4D3F-A9D4-89CE72E8C7C2,2022-09-09 16:44:42 +0000,2022-09-09 16:45:23 +0000,FALSE
9EFFFF43-A4FE-4D23-89FB-657F4A77523E,D3BF6381-E587-4D3F-A9D4-89CE72E8C7C2,2022-09-23 18:36:19 +0000,2022-09-23 18:36:25 +0000,FALSE
3218CC20-7BA2-4856-B6B0-FF9F249AEA9B,D3BF6381-E587-4D3F-A9D4-89CE72E8C7C2,2022-09-11 00:23:51 +0000,2022-09-11 00:26:39 +0000,FALSE
18A85E13-1F36-450A-8054-D63C17BF4364,D3BF6381-E587-4D3F-A9D4-89CE72E8C7C2,2022-09-24 18:42:34 +0000,2022-09-24 18:43:35 +0000,FALSE
65C72456-A2BB-4BA3-A86A-E8DDD341A2ED,D3BF6381-E587-4D3F-A9D4-89CE72E8C7C2,2022-09-12 11:54:56 +0000,2022-09-12 11:54:59 +0000,FALSE
1F5EFD1B-6C4E-441F-8B5C-D90F903A9C72,D3BF6381-E587-4D3F-A9D4-89CE72E8C7C2,2022-09-12 02:48:03 +0000,2022-09-12 02:49:59 +0000,FALSE
55A8A5BA-BDBA-4D22-8610-AC1994FB520A,D3BF6381-E587-4D3F-A9D4-89CE72E8C7C2,2022-09-09 16:20:41 +0000,2022-09-09 16:20:54 +0000,FALSE
EAE4E2A2-4A63-4701-8C91-113A906BE6D9,D3BF6381-E587-4D3F-A9D4-89CE72E8C7C2,2022-09-23 19:44:35 +0000,2022-09-23 19:44:42 +0000,FALSE
1D259D67-1414-4883-B8EF-56AF38A491B6,D3BF6381-E587-4D3F-A9D4-89CE72E8C7C2,2022-09-24 03:43:07 +0000,2022-09-24 03:43:56 +0000,FALSE
B1D1393F-81D9-4A8E-B14D-9B9680E1A816,D3BF6381-E587-4D3F-A9D4-89CE72E8C7C2,2022-09-25 00:27:24 +0000,2022-09-25 00:27:27 +0000,FALSE
14359A8C-8F82-40EA-9D46-6414BA7CAE28,D3BF6381-E587-4D3F-A9D4-89CE72E8C7C2,2022-09-23 20:12:59 +0000,2022-09-23 20:13:25 +0000,FALSE
C3613698-492E-4EAF-B959-915AD1EF25F7,D3BF6381-E587-4D3F-A9D4-89CE72E8C7C2,2022-09-24 16:37:56 +0000,2022-09-24 16:44:15 +0000,FALSE
320D5C5E-38BB-4284-B9B1-D0F01BE0E820,D3BF6381-E587-4D3F-A9D4-89CE72E8C7C2,2022-09-11 15:33:10 +0000,2022-09-11 15:33:43 +0000,FALSE
CFADCBB6-E4F6-4020-891E-4A34EF3E3113,D3BF6381-E587-4D3F-A9D4-89CE72E8C7C2,2022-09-23 16:17:45 +0000,2022-09-23 16:18:20 +0000,FALSE
EA344350-AF82-41D8-93B4-A3C9D21E218F,D3BF6381-E587-4D3F-A9D4-89CE72E8C7C2,2022-09-23 15:46:45 +0000,2022-09-23 15:46:57 +0000,FALSE
E1096DED-C2EC-4C41-8888-C8A6A5066E9D,D3BF6381-E587-4D3F-A9D4-89CE72E8C7C2,2022-09-23 23:19:54 +0000,2022-09-23 23:19:59 +0000,FALSE
395C681C-FEA9-4549-AC12-AF7E6A80C218,D3BF6381-E587-4D3F-A9D4-89CE72E8C7C2,2022-09-10 15:56:54 +0000,2022-09-10 15:56:59 +0000,FALSE
F825E0C7-A65D-41BE-AEAC-5F57C79B6348,D3BF6381-E587-4D3F-A9D4-89CE72E8C7C2,2022-09-11 23:58:17 +0000,2022-09-11 23:58:35 +0000,FALSE
27804DAF-9E83-4242-830B-27635B433235,D3BF6381-E587-4D3F-A9D4-89CE72E8C7C2,2022-09-09 12:02:30 +0000,2022-09-09 12:06:34 +0000,FALSE
1D568F06-EB21-4108-8E5D-A5D601A08A2B,D3BF6381-E587-4D3F-A9D4-89CE72E8C7C2,2022-09-09 16:07:41 +0000,2022-09-09 16:14:05 +0000,FALSE
5770FDAC-070E-4B9C-94CA-C16179720831,D3BF6381-E587-4D3F-A9D4-89CE72E8C7C2,2022-09-24 17:28:17 +0000,2022-09-24 17:28:26 +0000,FALSE
FD3D1C6C-C9E9-4464-BE60-B26E0C1D18F0,D3BF6381-E587-4D3F-A9D4-89CE72E8C7C2,2022-09-25 17:27:19 +0000,2022-09-25 17:27:33 +0000,FALSE
A9725F06-FF56-4E17-96E1-02F605E91323,D3BF6381-E587-4D3F-A9D4-89CE72E8C7C2,2022-09-23 22:05:03 +0000,2022-09-23 22:06:39 +0000,FALSE
1A998AF4-FE23-4343-A15C-8FA71164915B,D3BF6381-E587-4D3F-A9D4-89CE72E8C7C2,2022-09-11 20:17:05 +0000,2022-09-11 20:22:50 +0000,FALSE
47252543-669A-4176-9E19-69625BF45F99,D3BF6381-E587-4D3F-A9D4-89CE72E8C7C2,2022-09-09 11:59:07 +0000,2022-09-09 12:02:05 +0000,FALSE
B82B6930-01C5-4955-ADA4-2C1D487829D5,D3BF6381-E587-4D3F-A9D4-89CE72E8C7C2,2022-09-10 15:13:46 +0000,2022-09-10 15:14:09 +0000,FALSE
3A3ACF8F-D823-44A7-8142-861794452271,D3BF6381-E587-4D3F-A9D4-89CE72E8C7C2,2022-09-11 21:14:26 +0000,2022-09-11 21:14:46 +0000,FALSE
296A7E92-C32F-45CE-B2E4-AEA430779A5A,D3BF6381-E587-4D3F-A9D4-89CE72E8C7C2,2022-09-24 18:52:46 +0000,2022-09-24 18:53:42 +0000,FALSE
742416C2-9A50-4543-B183-40003D574A35,D3BF6381-E587-4D3F-A9D4-89CE72E8C7C2,2022-09-11 03:08:25 +0000,2022-09-11 03:10:34 +0000,FALSE
9E2424FB-DD1F-4D74-9178-D7B787394DB8,D3BF6381-E587-4D3F-A9D4-89CE72E8C7C2,2022-09-11 20:49:21 +0000,2022-09-11 20:51:23 +0000,FALSE
986EE1E9-26D9-4C34-9C04-D3F7BED33866,D3BF6381-E587-4D3F-A9D4-89CE72E8C7C2,2022-09-24 17:53:02 +0000,2022-09-24 17:57:10 +0000,FALSE
3CFC50F3-C0DC-49C0-9F24-118001D816B2,D3BF6381-E587-4D3F-A9D4-89CE72E8C7C2,2022-09-23 23:15:28 +0000,2022-09-23 23:16:58 +0000,FALSE
1F22918D-338B-405C-8EB1-E45005CA26B3,D3BF6381-E587-4D3F-A9D4-89CE72E8C7C2,2022-09-24 22:30:27 +0000,2022-09-24 22:31:21 +0000,FALSE
F14F4630-2E9F-4799-87C1-86FA84C90BB3,D3BF6381-E587-4D3F-A9D4-89CE72E8C7C2,2022-09-23 16:53:11 +0000,2022-09-23 17:28:07 +0000,FALSE
3A6CD54C-4F37-40BE-97AC-31CCD4576A33,D3BF6381-E587-4D3F-A9D4-89CE72E8C7C2,2022-09-10 22:00:14 +0000,2022-09-10 22:00:43 +0000,FALSE
A85FEF4B-8311-4F55-8243-970DAA553954,D3BF6381-E587-4D3F-A9D4-89CE72E8C7C2,2022-09-10 23:04:22 +0000,2022-09-10 23:04:39 +0000,FALSE
24711DFF-6285-4555-94C6-9B680AA9B622,D3BF6381-E587-4D3F-A9D4-89CE72E8C7C2,2022-09-25 15:46:42 +0000,2022-09-25 15:46:44 +0000,FALSE
84F3075E-408B-4BA8-8DEF-4E7F9B4AF472,D3BF6381-E587-4D3F-A9D4-89CE72E8C7C2,2022-09-25 17:08:14 +0000,2022-09-25 17:09:50 +0000,FALSE
8FEE130A-E566-4FAF-B209-684D6BDDF37C,D3BF6381-E587-4D3F-A9D4-89CE72E8C7C2,2022-09-12 13:29:06 +0000,2022-09-12 13:29:17 +0000,FALSE
EA5019B0-8F30-4009-AF0E-44C03BFF46DD,D3BF6381-E587-4D3F-A9D4-89CE72E8C7C2,2022-09-11 04:35:42 +0000,2022-09-11 04:37:45 +0000,FALSE
ECE52A44-D87A-4738-9ACA-DE28FE6D8905,D3BF6381-E587-4D3F-A9D4-89CE72E8C7C2,2022-09-09 12:07:17 +0000,2022-09-09 12:07:37 +0000,FALSE
42B05860-285B-402F-BDF4-594F496BB815,D3BF6381-E587-4D3F-A9D4-89CE72E8C7C2,2022-09-24 04:41:28 +0000,2022-09-24 04:41:41 +0000,FALSE
B3191979-A1C6-4AA4-B3FF-5701AEDB3EC0,D3BF6381-E587-4D3F-A9D4-89CE72E8C7C2,2022-09-23 20:30:01 +0000,2022-09-23 20:30:41 +0000,FALSE
1079389D-B11C-4EB8-99F7-BEE9CF01A50E,D3BF6381-E587-4D3F-A9D4-89CE72E8C7C2,2022-09-24 17:23:53 +0000,2022-09-24 17:23:59 +0000,FALSE
C72E3F65-E339-4162-A467-D788789E7C14,D3BF6381-E587-4D3F-A9D4-89CE72E8C7C2,2022-09-11 21:41:29 +0000,2022-09-11 21:42:35 +0000,FALSE
905BF448-DF82-46EA-8135-550A8B14DEDD,D3BF6381-E587-4D3F-A9D4-89CE72E8C7C2,2022-09-11 23:01:58 +0000,2022-09-11 23:06:30 +0000,FALSE
DE2A3B9B-31B5-4072-BD59-7242C1EA537E,D3BF6381-E587-4D3F-A9D4-89CE72E8C7C2,2022-09-09 17:09:43 +0000,2022-09-09 17:09:48 +0000,FALSE
1FC7FCC0-8436-4CE5-B76B-A5D4E0533263,D3BF6381-E587-4D3F-A9D4-89CE72E8C7C2,2022-09-25 02:17:20 +0000,2022-09-25 02:17:48 +0000,FALSE
FE8A973A-9E3C-48F2-A911-C5FBF45E4AC4,D3BF6381-E587-4D3F-A9D4-89CE72E8C7C2,2022-09-25 00:02:54 +0000,2022-09-25 00:24:29 +0000,FALSE
261AC082-9A3F-4EF7-9577-8DC05A053189,D3BF6381-E587-4D3F-A9D4-89CE72E8C7C2,2022-09-12 02:02:01 +0000,2022-09-12 02:04:56 +0000,FALSE
CB72BAFC-3FB5-4952-8681-82385E428020,D3BF6381-E587-4D3F-A9D4-89CE72E8C7C2,2022-09-25 17:31:44 +0000,2022-09-25 17:31:57 +0000,FALSE
750CBB8B-ED2E-454B-9B87-0043FDFFFDB1,D3BF6381-E587-4D3F-A9D4-89CE72E8C7C2,2022-09-09 16:18:27 +0000,2022-09-09 16:18:32 +0000,FALSE
10D1A0E3-6652-41F7-8AF2-D7F381B21C1B,D3BF6381-E587-4D3F-A9D4-89CE72E8C7C2,2022-09-12 13:47:55 +0000,2022-09-12 13:47:55 +0000,FALSE
5B0F77FD-66F2-4FF8-8F48-D1B27DE0EB90,D3BF6381-E587-4D3F-A9D4-89CE72E8C7C2,2022-09-09 21:47:53 +0000,2022-09-09 21:48:10 +0000,FALSE
E14BA33D-D274-495E-977B-1B8C37C4E5EC,D3BF6381-E587-4D3F-A9D4-89CE72E8C7C2,2022-09-09 20:32:36 +0000,2022-09-09 20:33:39 +0000,FALSE
422A4D2A-07F4-4F4C-9F0F-0711E252514C,D3BF6381-E587-4D3F-A9D4-89CE72E8C7C2,2022-09-23 18:44:53 +0000,2022-09-23 18:55:12 +0000,FALSE
BD996DF1-949F-4FE4-9BF3-4DED24F540EB,D3BF6381-E587-4D3F-A9D4-89CE72E8C7C2,2022-09-24 16:27:32 +0000,2022-09-24 16:27:47 +0000,FALSE
A2DFED53-0CC6-470E-8E27-4107611C6493,D3BF6381-E587-4D3F-A9D4-89CE72E8C7C2,2022-09-24 02:06:57 +0000,2022-09-24 02:07:57 +0000,FALSE
9381AC5E-5377-4C22-B99B-9EEF8D40ECC0,D3BF6381-E587-4D3F-A9D4-89CE72E8C7C2,2022-09-10 17:53:38 +0000,2022-09-10 17:53:42 +0000,FALSE
85970435-62A3-4E17-BC86-B19D3F0C91F6,D3BF6381-E587-4D3F-A9D4-89CE72E8C7C2,2022-09-09 23:02:18 +0000,2022-09-09 23:03:59 +0000,FALSE
23D9B944-F26F-4914-81DE-910C9A7434E0,D3BF6381-E587-4D3F-A9D4-89CE72E8C7C2,2022-09-11 20:52:52 +0000,2022-09-11 20:53:51 +0000,FALSE
3792EF7D-EDAB-48B1-A4B6-2DB1250A9B8E,D3BF6381-E587-4D3F-A9D4-89CE72E8C7C2,2022-09-09 20:05:07 +0000,2022-09-09 20:06:05 +0000,FALSE
E3DA2C7D-7B1F-49E6-9403-09612429694E,D3BF6381-E587-4D3F-A9D4-89CE72E8C7C2,2022-09-24 17:19:57 +0000,2022-09-24 17:20:10 +0000,FALSE
6BB1371A-F69B-4DEC-9860-839200CD467F,D3BF6381-E587-4D3F-A9D4-89CE72E8C7C2,2022-09-10 20:48:28 +0000,2022-09-10 21:10:23 +0000,FALSE
042CA7E3-D560-446F-B779-AD5363120AA1,D3BF6381-E587-4D3F-A9D4-89CE72E8C7C2,2022-09-24 22:33:46 +0000,2022-09-24 22:34:55 +0000,FALSE
84CB2ED0-A160-42BA-8A49-4FBE04CC1E39,D3BF6381-E587-4D3F-A9D4-89CE72E8C7C2,2022-09-10 17:18:21 +0000,2022-09-10 17:18:30 +0000,FALSE
196FB104-FD9A-45CE-B9B9-77EB6938252C,D3BF6381-E587-4D3F-A9D4-89CE72E8C7C2,2022-09-24 22:28:51 +0000,2022-09-24 22:29:42 +0000,FALSE
BB177AC2-E8D7-42FE-A397-4703FD9156D5,D3BF6381-E587-4D3F-A9D4-89CE72E8C7C2,2022-09-11 17:29:19 +0000,2022-09-11 17:29:24 +0000,FALSE
FF98D7EE-9017-469E-98D9-C608FE70BBA3,D3BF6381-E587-4D3F-A9D4-89CE72E8C7C2,2022-09-23 22:25:10 +0000,2022-09-23 22:28:01 +0000,FALSE
0D94BF8B-C996-4804-824F-B83BB92F4BFF,D3BF6381-E587-4D3F-A9D4-89CE72E8C7C2,2022-09-23 22:18:23 +0000,2022-09-23 22:18:24 +0000,FALSE
870006F6-A4A8-49EC-80D4-34A46423937C,D3BF6381-E587-4D3F-A9D4-89CE72E8C7C2,2022-09-10 15:14:20 +0000,2022-09-10 15:15:56 +0000,FALSE
63F5D10F-D708-4D0D-A53F-64FB00239D60,D3BF6381-E587-4D3F-A9D4-89CE72E8C7C2,2022-09-25 02:21:36 +0000,2022-09-25 02:43:01 +0000,FALSE
36010D66-23FE-457F-8DFB-8AFE9422E7CD,D3BF6381-E587-4D3F-A9D4-89CE72E8C7C2,2022-09-24 04:59:19 +0000,2022-09-24 04:59:23 +0000,FALSE
4A8BA27A-17BB-4247-9F2D-A2AF360AB69D,D3BF6381-E587-4D3F-A9D4-89CE72E8C7C2,2022-09-25 00:26:14 +0000,2022-09-25 00:26:18 +0000,FALSE
F56BEE35-0337-4F04-BA9C-76693FC8159B,D3BF6381-E587-4D3F-A9D4-89CE72E8C7C2,2022-09-09 21:19:17 +0000,2022-09-09 21:34:08 +0000,FALSE
7906ADAB-85E3-4560-89B9-D3AF237BF291,D3BF6381-E587-4D3F-A9D4-89CE72E8C7C2,2022-09-24 00:08:58 +0000,2022-09-24 00:14:01 +0000,FALSE
59AB8755-4270-48B0-B92C-E8CEC8A72296,D3BF6381-E587-4D3F-A9D4-89CE72E8C7C2,2022-09-11 20:10:36 +0000,2022-09-11 20:10:41 +0000,FALSE
B6E49912-5218-462F-854B-9C511D2E282B,D3BF6381-E587-4D3F-A9D4-89CE72E8C7C2,2022-09-24 18:03:19 +0000,2022-09-24 18:03:49 +0000,FALSE
F6B47575-2B1C-42BE-AA9A-F10EAEDC3AA1,D3BF6381-E587-4D3F-A9D4-89CE72E8C7C2,2022-09-10 16:48:22 +0000,2022-09-10 16:48:32 +0000,FALSE
DC9F8961-8C61-401E-B499-C97F97AF0D8A,D3BF6381-E587-4D3F-A9D4-89CE72E8C7C2,2022-09-23 20:10:08 +0000,2022-09-23 20:11:01 +0000,FALSE
C190C570-94B9-4D6B-814E-EC0F61BBAE38,D3BF6381-E587-4D3F-A9D4-89CE72E8C7C2,2022-09-10 16:27:29 +0000,2022-09-10 16:27:39 +0000,FALSE
4B6F9469-EC7A-493E-9B09-7B0508025975,D3BF6381-E587-4D3F-A9D4-89CE72E8C7C2,2022-09-23 20:41:57 +0000,2022-09-23 20:42:36 +0000,FALSE
500F822F-F14F-43B5-9E58-759DAA2A73BB,D3BF6381-E587-4D3F-A9D4-89CE72E8C7C2,2022-09-24 00:01:29 +0000,2022-09-24 00:01:43 +0000,FALSE
8E77A19F-18F7-4600-AB08-01181A8CA784,D3BF6381-E587-4D3F-A9D4-89CE72E8C7C2,2022-09-25 02:13:00 +0000,2022-09-25 02:13:28 +0000,FALSE
66FC663A-C991-405E-822B-828EDE12ED3D,D3BF6381-E587-4D3F-A9D4-89CE72E8C7C2,2022-09-24 00:31:48 +0000,2022-09-24 00:45:40 +0000,FALSE
07AF461E-E884-4BA8-9E9F-73F7728593EB,D3BF6381-E587-4D3F-A9D4-89CE72E8C7C2,2022-09-09 16:41:24 +0000,2022-09-09 16:41:53 +0000,FALSE
9A790357-F4C7-476F-98A1-FCA741DAB17B,D3BF6381-E587-4D3F-A9D4-89CE72E8C7C2,2022-09-11 00:09:49 +0000,2022-09-11 00:11:20 +0000,FALSE
48EFAB6D-86DD-462E-8BA2-97D2C787B4CC,D3BF6381-E587-4D3F-A9D4-89CE72E8C7C2,2022-09-12 00:56:29 +0000,2022-09-12 00:57:02 +0000,FALSE
82DF0B71-72B1-44CE-AD85-1BFCD17A9A27,D3BF6381-E587-4D3F-A9D4-89CE72E8C7C2,2022-09-23 15:38:46 +0000,2022-09-23 15:41:08 +0000,FALSE
06C7E6DC-2B35-4864-B6E7-82153ACE4DA5,D3BF6381-E587-4D3F-A9D4-89CE72E8C7C2,2022-09-09 15:45:37 +0000,2022-09-09 15:45:45 +0000,FALSE
73F08717-91E6-40C7-A3FF-8C1155D53936,D3BF6381-E587-4D3F-A9D4-89CE72E8C7C2,2022-09-11 18:42:10 +0000,2022-09-11 18:55:25 +0000,FALSE
1ADD0119-9A97-45BB-93BC-87BD15B6C75E,D3BF6381-E587-4D3F-A9D4-89CE72E8C7C2,2022-09-10 18:44:59 +0000,2022-09-10 18:45:32 +0000,FALSE
D1663327-9011-4EDD-9AE1-3BA6B3BF8801,D3BF6381-E587-4D3F-A9D4-89CE72E8C7C2,2022-09-11 16:09:54 +0000,2022-09-11 16:12:23 +0000,FALSE
21F038AE-226C-42CD-B4D6-09C83034D498,D3BF6381-E587-4D3F-A9D4-89CE72E8C7C2,2022-09-09 12:46:04 +0000,2022-09-09 12:47:35 +0000,FALSE
02C836F9-F5B9-45AB-83F8-4FA107498B2F,D3BF6381-E587-4D3F-A9D4-89CE72E8C7C2,2022-09-24 00:46:38 +0000,2022-09-24 00:49:25 +0000,FALSE
20E390DA-BF23-4722-9A54-0C830468F673,D3BF6381-E587-4D3F-A9D4-89CE72E8C7C2,2022-09-09 21:48:11 +0000,2022-09-09 21:48:31 +0000,FALSE
8783AD4B-3940-4EAC-8F42-B88B706B255F,D3BF6381-E587-4D3F-A9D4-89CE72E8C7C2,2022-09-24 22:26:24 +0000,2022-09-24 22:26:26 +0000,FALSE
96A5D495-1ED5-4F85-9F7D-3A952606C72B,D3BF6381-E587-4D3F-A9D4-89CE72E8C7C2,2022-09-10 02:08:36 +0000,2022-09-10 02:09:16 +0000,FALSE
258F1746-3A1A-4C53-B826-D81DA8631A9F,D3BF6381-E587-4D3F-A9D4-89CE72E8C7C2,2022-09-12 12:46:49 +0000,2022-09-12 12:47:24 +0000,FALSE
BEB1B413-F930-4052-A25C-2A156FA0A1F5,D3BF6381-E587-4D3F-A9D4-89CE72E8C7C2,2022-09-09 17:13:36 +0000,2022-09-09 17:29:41 +0000,FALSE
422A97DD-EDA1-4444-A86C-F10126BF0D66,D3BF6381-E587-4D3F-A9D4-89CE72E8C7C2,2022-09-11 01:18:13 +0000,2022-09-11 01:19:26 +0000,FALSE
0785E4E3-84D8-4D91-ADB5-4EF930A3918F,D3BF6381-E587-4D3F-A9D4-89CE72E8C7C2,2022-09-11 00:17:02 +0000,2022-09-11 00:18:21 +0000,FALSE
B9F716EB-05E9-4D77-9740-6EAB661F1822,D3BF6381-E587-4D3F-A9D4-89CE72E8C7C2,2022-09-24 03:29:41 +0000,2022-09-24 03:29:43 +0000,FALSE
49A25C3A-EB15-46C6-A695-F0543FCE6265,D3BF6381-E587-4D3F-A9D4-89CE72E8C7C2,2022-09-09 17:55:59 +0000,2022-09-09 18:00:36 +0000,FALSE
AE9C3886-82C9-4F45-BCC7-06A071A5A8F9,D3BF6381-E587-4D3F-A9D4-89CE72E8C7C2,2022-09-24 05:07:27 +0000,2022-09-24 05:09:01 +0000,FALSE
F7DC012A-157D-45AA-8C04-4414D30A65F3,D3BF6381-E587-4D3F-A9D4-89CE72E8C7C2,2022-09-23 20:01:29 +0000,2022-09-23 20:09:23 +0000,FALSE
9E9BA259-9895-4583-AE5F-8592894B4A00,D3BF6381-E587-4D3F-A9D4-89CE72E8C7C2,2022-09-24 01:41:01 +0000,2022-09-24 01:50:14 +0000,FALSE
6360EC0F-2D63-4231-9027-B9F460602267,D3BF6381-E587-4D3F-A9D4-89CE72E8C7C2,2022-09-11 21:09:45 +0000,2022-09-11 21:12:31 +0000,FALSE
8D7BEF4D-F8EC-4018-953E-3284A70DCA4B,D3BF6381-E587-4D3F-A9D4-89CE72E8C7C2,2022-09-12 03:40:38 +0000,2022-09-12 03:40:53 +0000,FALSE
3DBBD435-299D-4A8C-8329-F8F2B01E75D5,D3BF6381-E587-4D3F-A9D4-89CE72E8C7C2,2022-09-11 23:56:05 +0000,2022-09-11 23:57:45 +0000,FALSE
5F05FBF9-15CB-424D-9157-F6C0059BCB33,D3BF6381-E587-4D3F-A9D4-89CE72E8C7C2,2022-09-25 18:14:24 +0000,2022-09-25 18:14:37 +0000,FALSE
338ECDA8-3ECE-417B-800E-B6569F8A90F4,D3BF6381-E587-4D3F-A9D4-89CE72E8C7C2,2022-09-24 21:13:55 +0000,2022-09-24 21:13:59 +0000,FALSE
5AAFF2C9-730D-4831-88EA-704B3BA098D4,D3BF6381-E587-4D3F-A9D4-89CE72E8C7C2,2022-09-10 23:54:30 +0000,2022-09-10 23:55:56 +0000,FALSE
41214AF0-D2F4-42FA-AA40-5C5168969ABD,D3BF6381-E587-4D3F-A9D4-89CE72E8C7C2,2022-09-23 21:04:45 +0000,2022-09-23 21:14:54 +0000,FALSE
3836EF67-C71A-48F5-A38A-A138F13C8437,D3BF6381-E587-4D3F-A9D4-89CE72E8C7C2,2022-09-09 16:15:51 +0000,2022-09-09 16:16:29 +0000,FALSE
